{"stats":{"minecraft:used":{"minecraft:stone_sword":148,"minecraft:iron_shovel":394,"minecraft:poppy":2,"minecraft:chest":2,"minecraft:shield":25,"minecraft:stone":4,"minecraft:iron_sword":113,"minecraft:bell":6,"minecraft:stone_hoe":140,"minecraft:torch":47,"minecraft:brewing_stand":1,"minecraft:dirt":327,"minecraft:iron_axe":162,"minecraft:oak_stairs":2,"minecraft:beef":2,"minecraft:oak_sapling":19,"minecraft:furnace":5,"minecraft:egg":4,"minecraft:cooked_beef":6,"minecraft:iron_leggings":1,"minecraft:wheat_seeds":187,"minecraft:cooked_mutton":21,"minecraft:water_bucket":9,"minecraft:stone_pickaxe":272,"minecraft:oak_planks":196,"minecraft:cartography_table":1,"minecraft:wooden_pickaxe":7,"minecraft:sugar_cane":100,"minecraft:oak_leaves":2,"minecraft:mossy_cobblestone":3,"minecraft:sand":19,"minecraft:oak_slab":60,"minecraft:crafting_table":3,"minecraft:white_bed":11,"minecraft:smoker":1,"minecraft:oak_log":18,"minecraft:oxeye_daisy":1,"minecraft:command_block":1,"minecraft:map":1,"minecraft:iron_pickaxe":27,"minecraft:barrier":7,"minecraft:stone_axe":103,"minecraft:cobblestone":90,"minecraft:bucket":10,"minecraft:yellow_bed":4,"minecraft:dandelion":1},"minecraft:picked_up":{"minecraft:crafting_table":4,"minecraft:wheat":89,"minecraft:chicken":2,"minecraft:wooden_pickaxe":2,"minecraft:oak_stairs":17,"minecraft:brewing_stand":2,"minecraft:cornflower":1,"minecraft:string":2,"minecraft:raw_copper":36,"minecraft:beef":19,"minecraft:poppy":11,"minecraft:sugar_cane":289,"minecraft:egg":4,"minecraft:furnace":4,"minecraft:stick":23,"minecraft:oak_door":1,"minecraft:torch":25,"minecraft:porkchop":10,"minecraft:diorite":20,"minecraft:carrot":46,"minecraft:stone_sword":2,"minecraft:rotten_flesh":11,"minecraft:hay_block":37,"minecraft:mutton":41,"minecraft:cobblestone":224,"minecraft:white_wool":29,"minecraft:oxeye_daisy":1,"minecraft:feather":1,"minecraft:cooked_beef":1,"minecraft:salmon":12,"minecraft:leather":18,"minecraft:potato":30,"minecraft:oak_log":122,"minecraft:yellow_bed":4,"minecraft:dirt":564,"minecraft:cooked_mutton":4,"minecraft:apple":1,"minecraft:wheat_seeds":242,"minecraft:bell":6,"minecraft:stone_pickaxe":1,"minecraft:iron_ingot":51,"minecraft:iron_sword":1,"minecraft:oak_planks":170,"minecraft:oak_slab":6,"minecraft:dandelion":1,"minecraft:sand":49,"minecraft:white_bed":9,"minecraft:spider_eye":1,"minecraft:mossy_cobblestone":4,"minecraft:stone_axe":2,"minecraft:bone_meal":3,"minecraft:oak_sapling":24,"minecraft:oak_leaves":2,"minecraft:coal":129},"minecraft:dropped":{"minecraft:iron_sword":1,"minecraft:wheat_seeds":7,"minecraft:crafting_table":1,"minecraft:feather":1,"minecraft:cobblestone":14,"minecraft:diorite":20,"minecraft:torch":6,"minecraft:cornflower":1,"minecraft:oak_stairs":1,"minecraft:sand":2,"minecraft:sugar_cane":1,"minecraft:wheat":3,"minecraft:oak_planks":7,"minecraft:carrot":46,"minecraft:filled_map":1,"minecraft:poppy":9,"minecraft:potato":30,"minecraft:wooden_pickaxe":2},"minecraft:killed":{"minecraft:spider":1,"minecraft:chicken":2,"minecraft:pig":2,"minecraft:zombie_villager":1,"minecraft:salmon":5,"minecraft:iron_golem":12,"minecraft:sheep":16,"minecraft:zombie":8,"minecraft:cow":9},"minecraft:custom":{"minecraft:mob_kills":59,"minecraft:animals_bred":18,"minecraft:interact_with_crafting_table":35,"minecraft:bell_ring":126,"minecraft:leave_game":6,"minecraft:time_since_death":159885,"minecraft:sprint_one_cm":413729,"minecraft:walk_one_cm":454973,"minecraft:damage_blocked_by_shield":564,"minecraft:drop":37,"minecraft:talked_to_villager":8,"minecraft:play_time":214700,"minecraft:deaths":2,"minecraft:sneak_time":10980,"minecraft:walk_under_water_one_cm":6060,"minecraft:jump":3196,"minecraft:walk_on_water_one_cm":11418,"minecraft:total_world_time":214700,"minecraft:interact_with_furnace":59,"minecraft:traded_with_villager":11,"minecraft:sleep_in_bed":9,"minecraft:time_since_rest":10370,"minecraft:damage_taken":2121,"minecraft:damage_dealt":15315,"minecraft:swim_one_cm":8274,"minecraft:fly_one_cm":1506101,"minecraft:open_chest":13,"minecraft:crouch_one_cm":19183,"minecraft:fall_one_cm":86911},"minecraft:mined":{"minecraft:white_bed":9,"minecraft:oak_sapling":3,"minecraft:mossy_cobblestone":4,"minecraft:oak_door":1,"minecraft:brewing_stand":1,"minecraft:glow_lichen":2,"minecraft:grass_block":200,"minecraft:oxeye_daisy":1,"minecraft:hay_block":25,"minecraft:furnace":4,"minecraft:bell":6,"minecraft:oak_stairs":11,"minecraft:stone":131,"minecraft:oak_slab":6,"minecraft:glass_pane":7,"minecraft:dandelion":2,"minecraft:crafting_table":2,"minecraft:short_grass":274,"minecraft:tall_grass":89,"minecraft:copper_ore":9,"minecraft:cobblestone":62,"minecraft:sugar_cane":155,"minecraft:oak_planks":104,"minecraft:diorite":20,"minecraft:wall_torch":7,"minecraft:wheat":61,"minecraft:yellow_bed":4,"minecraft:oak_log":122,"minecraft:coal_ore":55,"minecraft:sand":50,"minecraft:dirt":129,"minecraft:oak_leaves":20,"minecraft:fern":2},"minecraft:killed_by":{"minecraft:creeper":1,"minecraft:zombie":1},"minecraft:crafted":{"minecraft:oak_planks":320,"minecraft:furnace":2,"minecraft:stone":31,"minecraft:cooked_mutton":21,"minecraft:glass_pane":64,"minecraft:glass":28,"minecraft:iron_boots":1,"minecraft:iron_axe":1,"minecraft:stone_pickaxe":3,"minecraft:chest":2,"minecraft:stone_hoe":1,"minecraft:smoker":1,"minecraft:wheat":36,"minecraft:cooked_beef":9,"minecraft:oak_slab":54,"minecraft:emerald":10,"minecraft:map":1,"minecraft:crafting_table":2,"minecraft:wooden_pickaxe":2,"minecraft:iron_helmet":1,"minecraft:iron_sword":1,"minecraft:bucket":1,"minecraft:stone_axe":1,"minecraft:air":0,"minecraft:cartography_table":1,"minecraft:iron_chestplate":1,"minecraft:paper":141,"minecraft:shield":1,"minecraft:stick":24,"minecraft:iron_pickaxe":1,"minecraft:oak_stairs":4,"minecraft:stone_sword":1,"minecraft:iron_shovel":2,"minecraft:iron_leggings":1,"minecraft:white_bed":2,"minecraft:torch":44},"minecraft:broken":{"minecraft:iron_shovel":1,"minecraft:stone_sword":1,"minecraft:stone_hoe":1,"minecraft:stone_pickaxe":2}},"DataVersion":3953}