{"stats":{"minecraft:used":{"minecraft:oak_fence":126,"minecraft:stone_sword":148,"minecraft:iron_shovel":612,"minecraft:poppy":4,"minecraft:chest":2,"minecraft:shield":31,"minecraft:stone":40,"minecraft:iron_sword":288,"minecraft:bell":6,"minecraft:stone_hoe":140,"minecraft:torch":70,"minecraft:brewing_stand":1,"minecraft:dirt":544,"minecraft:white_carpet":14,"minecraft:carrot":136,"minecraft:iron_hoe":179,"minecraft:lava_bucket":23,"minecraft:iron_axe":239,"minecraft:oak_stairs":2,"minecraft:beef":2,"minecraft:oak_sapling":26,"minecraft:furnace":9,"minecraft:egg":19,"minecraft:potato":30,"minecraft:cooked_beef":10,"minecraft:iron_leggings":1,"minecraft:wheat_seeds":396,"minecraft:cooked_mutton":23,"minecraft:water_bucket":11,"minecraft:cobblestone_stairs":2,"minecraft:stone_pickaxe":272,"minecraft:oak_planks":203,"minecraft:cartography_table":1,"minecraft:wooden_pickaxe":7,"minecraft:sugar_cane":100,"minecraft:oak_leaves":2,"minecraft:mossy_cobblestone":3,"minecraft:sand":19,"minecraft:oak_slab":60,"minecraft:crafting_table":6,"minecraft:white_bed":11,"minecraft:smoker":1,"minecraft:oak_log":18,"minecraft:oxeye_daisy":1,"minecraft:command_block":3,"minecraft:iron_pickaxe":382,"minecraft:map":1,"minecraft:barrier":7,"minecraft:stone_axe":103,"minecraft:cobblestone":99,"minecraft:cooked_porkchop":2,"minecraft:bucket":34,"minecraft:yellow_bed":4,"minecraft:dandelion":1},"minecraft:picked_up":{"minecraft:crafting_table":6,"minecraft:wheat":262,"minecraft:azure_bluet":1,"minecraft:chicken":2,"minecraft:lead":10,"minecraft:wooden_pickaxe":2,"minecraft:oak_stairs":17,"minecraft:brewing_stand":2,"minecraft:cornflower":4,"minecraft:string":2,"minecraft:raw_copper":46,"minecraft:white_carpet":2,"minecraft:beef":19,"minecraft:poppy":18,"minecraft:sugar_cane":482,"minecraft:furnace":8,"minecraft:egg":19,"minecraft:stick":23,"minecraft:raw_iron":25,"minecraft:oak_door":2,"minecraft:oak_fence":22,"minecraft:torch":27,"minecraft:porkchop":10,"minecraft:diorite":20,"minecraft:carrot":216,"minecraft:redstone":32,"minecraft:stone_sword":2,"minecraft:rotten_flesh":28,"minecraft:hay_block":37,"minecraft:mutton":41,"minecraft:white_wool":29,"minecraft:cobblestone":482,"minecraft:oxeye_daisy":4,"minecraft:feather":1,"minecraft:cooked_beef":1,"minecraft:salmon":12,"minecraft:leather":19,"minecraft:potato":31,"minecraft:flint":1,"minecraft:oak_log":165,"minecraft:yellow_bed":4,"minecraft:gunpowder":2,"minecraft:cobblestone_stairs":1,"minecraft:dirt":752,"minecraft:cooked_mutton":4,"minecraft:apple":1,"minecraft:wheat_seeds":734,"minecraft:stone_pickaxe":1,"minecraft:bell":6,"minecraft:iron_ingot":82,"minecraft:iron_sword":1,"minecraft:oak_planks":173,"minecraft:oak_slab":6,"minecraft:dandelion":23,"minecraft:dripstone_block":4,"minecraft:gravel":2,"minecraft:sand":49,"minecraft:white_bed":9,"minecraft:spider_eye":1,"minecraft:mossy_cobblestone":4,"minecraft:stone_axe":2,"minecraft:granite":4,"minecraft:bone_meal":3,"minecraft:oak_sapling":24,"minecraft:oak_leaves":2,"minecraft:coal":157},"minecraft:dropped":{"minecraft:iron_sword":1,"minecraft:wheat_seeds":14,"minecraft:crafting_table":1,"minecraft:oak_fence":7,"minecraft:feather":1,"minecraft:cobblestone":14,"minecraft:flint":1,"minecraft:oxeye_daisy":3,"minecraft:diorite":20,"minecraft:torch":6,"minecraft:cornflower":3,"minecraft:oak_stairs":1,"minecraft:sand":2,"minecraft:dandelion":22,"minecraft:sugar_cane":1,"minecraft:wheat":6,"minecraft:rotten_flesh":8,"minecraft:oak_planks":7,"minecraft:azure_bluet":1,"minecraft:carrot":46,"minecraft:filled_map":1,"minecraft:poppy":14,"minecraft:potato":30,"minecraft:gunpowder":2,"minecraft:wooden_pickaxe":2},"minecraft:killed":{"minecraft:spider":2,"minecraft:horse":2,"minecraft:chicken":2,"minecraft:pig":2,"minecraft:zombie_villager":2,"minecraft:salmon":5,"minecraft:iron_golem":19,"minecraft:creeper":3,"minecraft:sheep":16,"minecraft:trader_llama":2,"minecraft:zombie":25,"minecraft:cow":9},"minecraft:custom":{"minecraft:mob_kills":92,"minecraft:animals_bred":168,"minecraft:interact_with_crafting_table":51,"minecraft:bell_ring":126,"minecraft:leave_game":9,"minecraft:time_since_death":273560,"minecraft:sprint_one_cm":590355,"minecraft:walk_one_cm":813677,"minecraft:damage_blocked_by_shield":924,"minecraft:drop":54,"minecraft:talked_to_villager":21,"minecraft:play_time":328375,"minecraft:deaths":2,"minecraft:sneak_time":15651,"minecraft:walk_under_water_one_cm":8486,"minecraft:jump":4289,"minecraft:walk_on_water_one_cm":19596,"minecraft:total_world_time":328375,"minecraft:interact_with_furnace":62,"minecraft:traded_with_villager":29,"minecraft:interact_with_cartography_table":1,"minecraft:sleep_in_bed":10,"minecraft:time_since_rest":19218,"minecraft:damage_taken":2704,"minecraft:damage_dealt":26142,"minecraft:swim_one_cm":8819,"minecraft:fly_one_cm":2028770,"minecraft:open_chest":25,"minecraft:crouch_one_cm":26974,"minecraft:fall_one_cm":118261},"minecraft:mined":{"minecraft:white_bed":9,"minecraft:oak_sapling":3,"minecraft:farmland":1,"minecraft:mossy_cobblestone":4,"minecraft:oak_door":2,"minecraft:cobblestone_stairs":2,"minecraft:brewing_stand":1,"minecraft:granite":4,"minecraft:glow_lichen":2,"minecraft:grass_block":328,"minecraft:oxeye_daisy":5,"minecraft:hay_block":25,"minecraft:tall_seagrass":1,"minecraft:redstone_ore":8,"minecraft:furnace":8,"minecraft:carrots":45,"minecraft:iron_ore":27,"minecraft:azure_bluet":1,"minecraft:bell":6,"minecraft:oak_stairs":11,"minecraft:stone":396,"minecraft:oak_slab":6,"minecraft:glass_pane":7,"minecraft:dandelion":24,"minecraft:oak_fence":22,"minecraft:crafting_table":4,"minecraft:cornflower":5,"minecraft:torch":2,"minecraft:short_grass":479,"minecraft:poppy":1,"minecraft:chest":1,"minecraft:tall_grass":145,"minecraft:copper_ore":12,"minecraft:cobblestone":71,"minecraft:sugar_cane":252,"minecraft:oak_planks":107,"minecraft:diorite":20,"minecraft:wall_torch":7,"minecraft:wheat":243,"minecraft:white_carpet":2,"minecraft:yellow_bed":5,"minecraft:oak_log":165,"minecraft:coal_ore":83,"minecraft:dripstone_block":5,"minecraft:gravel":5,"minecraft:sand":50,"minecraft:dirt":207,"minecraft:oak_leaves":23,"minecraft:fern":2},"minecraft:killed_by":{"minecraft:creeper":1,"minecraft:zombie":1},"minecraft:crafted":{"minecraft:oak_planks":468,"minecraft:magenta_banner":5,"minecraft:furnace":2,"minecraft:stone":31,"minecraft:cooked_mutton":21,"minecraft:glass_pane":64,"minecraft:glass":28,"minecraft:iron_boots":1,"minecraft:iron_axe":3,"minecraft:iron_hoe":1,"minecraft:stone_pickaxe":3,"minecraft:chest":2,"minecraft:stone_hoe":1,"minecraft:oak_fence":111,"minecraft:smoker":1,"minecraft:wheat":135,"minecraft:cooked_beef":11,"minecraft:oak_slab":54,"minecraft:emerald":23,"minecraft:cooked_porkchop":5,"minecraft:map":1,"minecraft:crafting_table":4,"minecraft:iron_helmet":1,"minecraft:wooden_pickaxe":2,"minecraft:iron_sword":3,"minecraft:bucket":1,"minecraft:stone_axe":1,"minecraft:bread":5,"minecraft:air":0,"minecraft:cartography_table":1,"minecraft:iron_chestplate":1,"minecraft:paper":333,"minecraft:shield":1,"minecraft:stick":104,"minecraft:compass":5,"minecraft:iron_pickaxe":3,"minecraft:oak_stairs":4,"minecraft:stone_sword":1,"minecraft:iron_shovel":2,"minecraft:iron_leggings":1,"minecraft:white_bed":2,"minecraft:torch":68},"minecraft:broken":{"minecraft:iron_shovel":2,"minecraft:stone_sword":1,"minecraft:stone_hoe":1,"minecraft:stone_pickaxe":2}},"DataVersion":3953}