{"stats":{"minecraft:used":{"minecraft:tuff_bricks":10,"minecraft:oak_fence":126,"minecraft:stone_sword":148,"minecraft:iron_shovel":618,"minecraft:poppy":4,"minecraft:decorated_pot":1,"minecraft:chest":3,"minecraft:shield":93,"minecraft:stone":40,"minecraft:iron_sword":510,"minecraft:bell":6,"minecraft:stone_hoe":140,"minecraft:trial_key":6,"minecraft:torch":70,"minecraft:brewing_stand":1,"minecraft:dirt":551,"minecraft:white_carpet":14,"minecraft:carrot":139,"minecraft:iron_hoe":179,"minecraft:lava_bucket":23,"minecraft:iron_axe":245,"minecraft:oak_stairs":3,"minecraft:iron_helmet":3,"minecraft:iron_boots":1,"minecraft:bow":11,"minecraft:beef":2,"minecraft:oak_sapling":26,"minecraft:furnace":9,"minecraft:egg":27,"minecraft:potato":30,"minecraft:cooked_beef":24,"minecraft:iron_leggings":3,"minecraft:wheat_seeds":396,"minecraft:cooked_mutton":23,"minecraft:water_bucket":20,"minecraft:cobblestone_stairs":2,"minecraft:stone_pickaxe":272,"minecraft:oak_planks":221,"minecraft:cartography_table":1,"minecraft:wooden_pickaxe":7,"minecraft:sugar_cane":100,"minecraft:oak_leaves":2,"minecraft:mossy_cobblestone":3,"minecraft:sand":19,"minecraft:oak_slab":60,"minecraft:crafting_table":8,"minecraft:white_bed":11,"minecraft:lingering_potion":1,"minecraft:smoker":10,"minecraft:oak_log":18,"minecraft:oxeye_daisy":1,"minecraft:wind_charge":8,"minecraft:command_block":3,"minecraft:iron_pickaxe":501,"minecraft:map":1,"minecraft:barrier":7,"minecraft:stone_axe":103,"minecraft:cobblestone":115,"minecraft:potion":1,"minecraft:cooked_porkchop":2,"minecraft:bucket":44,"minecraft:glass_pane":1,"minecraft:yellow_bed":4,"minecraft:dandelion":1},"minecraft:picked_up":{"minecraft:iron_chestplate":4,"minecraft:crafting_table":11,"minecraft:wheat":262,"minecraft:azure_bluet":1,"minecraft:chicken":2,"minecraft:flower_pot":1,"minecraft:lead":10,"minecraft:wooden_pickaxe":2,"minecraft:oak_stairs":18,"minecraft:enchanted_book":1,"minecraft:potion":6,"minecraft:brick":210,"minecraft:brewing_stand":2,"minecraft:shield":3,"minecraft:wind_charge":20,"minecraft:iron_axe":3,"minecraft:cornflower":4,"minecraft:string":2,"minecraft:raw_copper":48,"minecraft:iron_leggings":3,"minecraft:white_carpet":2,"minecraft:iron_shovel":4,"minecraft:beef":40,"minecraft:trial_key":16,"minecraft:poppy":19,"minecraft:iron_pickaxe":3,"minecraft:guster_pottery_sherd":5,"minecraft:sugar_cane":665,"minecraft:iron_boots":3,"minecraft:furnace":8,"minecraft:egg":27,"minecraft:tipped_arrow":38,"minecraft:stick":28,"minecraft:raw_iron":31,"minecraft:oak_door":2,"minecraft:oak_fence":22,"minecraft:torch":34,"minecraft:porkchop":10,"minecraft:waxed_weathered_copper_bulb":1,"minecraft:diorite":35,"minecraft:carrot":317,"minecraft:redstone":60,"minecraft:music_disc_creator_music_box":2,"minecraft:stone_sword":2,"minecraft:arrow":99,"minecraft:honey_bottle":8,"minecraft:rotten_flesh":30,"minecraft:decorated_pot":1,"minecraft:hay_block":37,"minecraft:gold_ingot":2,"minecraft:tuff_bricks":28,"minecraft:mutton":41,"minecraft:white_wool":29,"minecraft:cobblestone":780,"minecraft:oxeye_daisy":4,"minecraft:feather":1,"minecraft:cooked_beef":35,"minecraft:magenta_banner":5,"minecraft:water_bucket":3,"minecraft:salmon":12,"minecraft:leather":38,"minecraft:smoker":9,"minecraft:potato":31,"minecraft:filled_map":2,"minecraft:flint":1,"minecraft:waxed_copper_block":4,"minecraft:oak_log":165,"minecraft:yellow_bed":4,"minecraft:gunpowder":2,"minecraft:cobblestone_stairs":1,"minecraft:dirt":759,"minecraft:cooked_mutton":4,"minecraft:bone":68,"minecraft:apple":1,"minecraft:bow":1,"minecraft:wheat_seeds":867,"minecraft:stone_pickaxe":1,"minecraft:bell":6,"minecraft:iron_ingot":141,"minecraft:scrape_pottery_sherd":1,"minecraft:iron_sword":5,"minecraft:oak_planks":301,"minecraft:oak_slab":6,"minecraft:cooked_porkchop":9,"minecraft:lava_bucket":1,"minecraft:dandelion":23,"minecraft:dripstone_block":8,"minecraft:gravel":2,"minecraft:sand":49,"minecraft:white_bed":9,"minecraft:spider_eye":1,"minecraft:mossy_cobblestone":4,"minecraft:iron_hoe":1,"minecraft:slime_ball":261,"minecraft:stone_axe":2,"minecraft:crossbow":1,"minecraft:iron_helmet":5,"minecraft:breeze_rod":22,"minecraft:granite":28,"minecraft:bone_meal":3,"minecraft:bread":1,"minecraft:emerald":63,"minecraft:baked_potato":10,"minecraft:oak_sapling":27,"minecraft:chiseled_tuff_bricks":2,"minecraft:oak_leaves":2,"minecraft:coal":157},"minecraft:dropped":{"minecraft:bread":1,"minecraft:iron_sword":2,"minecraft:wheat_seeds":14,"minecraft:crafting_table":1,"minecraft:crossbow":1,"minecraft:iron_helmet":2,"minecraft:oak_fence":7,"minecraft:feather":1,"minecraft:cobblestone":14,"minecraft:granite":8,"minecraft:stick":3,"minecraft:flint":1,"minecraft:oxeye_daisy":3,"minecraft:diorite":30,"minecraft:torch":6,"minecraft:waxed_weathered_copper_bulb":1,"minecraft:cornflower":3,"minecraft:fire_charge":7,"minecraft:potion":1,"minecraft:iron_leggings":1,"minecraft:oak_stairs":1,"minecraft:sand":2,"minecraft:paper":15,"minecraft:dandelion":22,"minecraft:magenta_banner":5,"minecraft:tuff_bricks":9,"minecraft:sugar_cane":1,"minecraft:chiseled_tuff_bricks":2,"minecraft:raw_copper":2,"minecraft:raw_iron":2,"minecraft:wheat":6,"minecraft:rotten_flesh":8,"minecraft:iron_boots":1,"minecraft:oak_planks":7,"minecraft:azure_bluet":1,"minecraft:carrot":46,"minecraft:filled_map":1,"minecraft:poppy":15,"minecraft:potato":30,"minecraft:flower_pot":1,"minecraft:shield":2,"minecraft:trial_key":3,"minecraft:gunpowder":2,"minecraft:iron_chestplate":2,"minecraft:lingering_potion":1,"minecraft:oak_sapling":1,"minecraft:wooden_pickaxe":2,"minecraft:brick":23},"minecraft:killed":{"minecraft:bogged":14,"minecraft:spider":2,"minecraft:slime":136,"minecraft:horse":2,"minecraft:chicken":2,"minecraft:pig":2,"minecraft:zombie_villager":2,"minecraft:salmon":5,"minecraft:iron_golem":21,"minecraft:creeper":3,"minecraft:sheep":16,"minecraft:trader_llama":2,"minecraft:zombie":25,"minecraft:breeze":6,"minecraft:cow":20},"minecraft:custom":{"minecraft:mob_kills":263,"minecraft:animals_bred":224,"minecraft:open_barrel":6,"minecraft:interact_with_crafting_table":66,"minecraft:bell_ring":126,"minecraft:leave_game":9,"minecraft:time_since_death":14548,"minecraft:climb_one_cm":3029,"minecraft:sprint_one_cm":745629,"minecraft:walk_one_cm":985743,"minecraft:damage_blocked_by_shield":2364,"minecraft:drop":86,"minecraft:talked_to_villager":46,"minecraft:play_time":400375,"minecraft:deaths":6,"minecraft:sneak_time":17416,"minecraft:walk_under_water_one_cm":9014,"minecraft:jump":5001,"minecraft:walk_on_water_one_cm":25328,"minecraft:total_world_time":400375,"minecraft:interact_with_furnace":80,"minecraft:traded_with_villager":51,"minecraft:interact_with_cartography_table":3,"minecraft:sleep_in_bed":14,"minecraft:time_since_rest":14576,"minecraft:damage_taken":5518,"minecraft:damage_dealt":34184,"minecraft:player_kills":1,"minecraft:swim_one_cm":8819,"minecraft:fly_one_cm":2329520,"minecraft:open_chest":47,"minecraft:crouch_one_cm":29135,"minecraft:fall_one_cm":152145,"minecraft:inspect_dispenser":2},"minecraft:mined":{"minecraft:white_bed":9,"minecraft:oak_sapling":3,"minecraft:farmland":1,"minecraft:mossy_cobblestone":4,"minecraft:oak_door":2,"minecraft:cobblestone_stairs":2,"minecraft:brewing_stand":1,"minecraft:granite":12,"minecraft:glow_lichen":2,"minecraft:grass_block":329,"minecraft:decorated_pot":34,"minecraft:chiseled_tuff_bricks":2,"minecraft:oxeye_daisy":5,"minecraft:tuff_bricks":16,"minecraft:hay_block":25,"minecraft:tall_seagrass":1,"minecraft:redstone_ore":8,"minecraft:furnace":8,"minecraft:carrots":45,"minecraft:iron_ore":29,"minecraft:azure_bluet":1,"minecraft:bell":6,"minecraft:oak_stairs":12,"minecraft:waxed_weathered_copper_bulb":1,"minecraft:stone":435,"minecraft:oak_slab":6,"minecraft:glass_pane":8,"minecraft:smoker":9,"minecraft:dandelion":24,"minecraft:oak_fence":22,"minecraft:crafting_table":6,"minecraft:cornflower":5,"minecraft:torch":2,"minecraft:short_grass":479,"minecraft:poppy":1,"minecraft:chest":1,"minecraft:tall_grass":145,"minecraft:copper_ore":13,"minecraft:cobblestone":97,"minecraft:sugar_cane":319,"minecraft:oak_planks":110,"minecraft:diorite":25,"minecraft:wall_torch":7,"minecraft:wheat":243,"minecraft:white_carpet":2,"minecraft:waxed_copper_block":3,"minecraft:yellow_bed":5,"minecraft:oak_log":165,"minecraft:coal_ore":83,"minecraft:dripstone_block":5,"minecraft:gravel":5,"minecraft:sand":50,"minecraft:dirt":213,"minecraft:oak_leaves":23,"minecraft:fern":2},"minecraft:killed_by":{"minecraft:creeper":1,"minecraft:bogged":2,"minecraft:zombie":1},"minecraft:crafted":{"minecraft:oak_planks":468,"minecraft:magenta_banner":5,"minecraft:furnace":2,"minecraft:stone":31,"minecraft:cooked_mutton":21,"minecraft:glass_pane":64,"minecraft:glass":28,"minecraft:iron_boots":2,"minecraft:iron_axe":3,"minecraft:iron_hoe":1,"minecraft:stone_pickaxe":3,"minecraft:chest":3,"minecraft:filled_map":1,"minecraft:stone_hoe":1,"minecraft:oak_fence":111,"minecraft:smoker":1,"minecraft:wheat":135,"minecraft:cooked_beef":32,"minecraft:oak_slab":54,"minecraft:emerald":44,"minecraft:cooked_porkchop":5,"minecraft:map":1,"minecraft:crafting_table":4,"minecraft:iron_helmet":2,"minecraft:wooden_pickaxe":2,"minecraft:iron_sword":4,"minecraft:bucket":1,"minecraft:stone_axe":1,"minecraft:bread":5,"minecraft:air":0,"minecraft:cartography_table":1,"minecraft:iron_chestplate":2,"minecraft:paper":516,"minecraft:shield":4,"minecraft:stick":112,"minecraft:iron_ingot":21,"minecraft:compass":6,"minecraft:iron_pickaxe":4,"minecraft:oak_stairs":4,"minecraft:stone_sword":1,"minecraft:iron_shovel":2,"minecraft:iron_leggings":2,"minecraft:white_bed":2,"minecraft:torch":68},"minecraft:broken":{"minecraft:iron_shovel":2,"minecraft:stone_sword":1,"minecraft:stone_hoe":1,"minecraft:stone_pickaxe":2,"minecraft:iron_pickaxe":1}},"DataVersion":3953}