{"stats":{"minecraft:used":{"minecraft:stone_sword":148,"minecraft:iron_shovel":197,"minecraft:poppy":2,"minecraft:chest":2,"minecraft:shield":25,"minecraft:iron_sword":104,"minecraft:bell":6,"minecraft:stone_hoe":140,"minecraft:torch":21,"minecraft:brewing_stand":1,"minecraft:dirt":177,"minecraft:iron_axe":91,"minecraft:oak_stairs":2,"minecraft:beef":2,"minecraft:oak_sapling":19,"minecraft:furnace":5,"minecraft:egg":2,"minecraft:cooked_beef":5,"minecraft:iron_leggings":1,"minecraft:wheat_seeds":157,"minecraft:cooked_mutton":17,"minecraft:water_bucket":3,"minecraft:stone_pickaxe":272,"minecraft:oak_planks":194,"minecraft:cartography_table":1,"minecraft:wooden_pickaxe":7,"minecraft:sugar_cane":88,"minecraft:mossy_cobblestone":3,"minecraft:sand":19,"minecraft:oak_slab":60,"minecraft:crafting_table":3,"minecraft:white_bed":11,"minecraft:smoker":1,"minecraft:oak_log":18,"minecraft:oxeye_daisy":1,"minecraft:command_block":1,"minecraft:barrier":7,"minecraft:stone_axe":103,"minecraft:cobblestone":90,"minecraft:bucket":4,"minecraft:yellow_bed":4,"minecraft:dandelion":1},"minecraft:picked_up":{"minecraft:crafting_table":4,"minecraft:wheat":89,"minecraft:chicken":2,"minecraft:wooden_pickaxe":2,"minecraft:oak_stairs":16,"minecraft:brewing_stand":2,"minecraft:cornflower":1,"minecraft:string":2,"minecraft:raw_copper":36,"minecraft:beef":13,"minecraft:poppy":11,"minecraft:sugar_cane":158,"minecraft:egg":2,"minecraft:furnace":4,"minecraft:stick":23,"minecraft:torch":24,"minecraft:porkchop":10,"minecraft:diorite":20,"minecraft:stone_sword":2,"minecraft:rotten_flesh":11,"minecraft:hay_block":37,"minecraft:mutton":38,"minecraft:cobblestone":201,"minecraft:white_wool":26,"minecraft:oxeye_daisy":1,"minecraft:feather":1,"minecraft:cooked_beef":1,"minecraft:salmon":12,"minecraft:leather":13,"minecraft:oak_log":122,"minecraft:yellow_bed":4,"minecraft:dirt":177,"minecraft:cooked_mutton":4,"minecraft:apple":1,"minecraft:wheat_seeds":239,"minecraft:bell":6,"minecraft:stone_pickaxe":1,"minecraft:iron_ingot":51,"minecraft:oak_planks":107,"minecraft:iron_sword":1,"minecraft:oak_slab":6,"minecraft:dandelion":1,"minecraft:sand":49,"minecraft:white_bed":9,"minecraft:spider_eye":1,"minecraft:mossy_cobblestone":4,"minecraft:stone_axe":2,"minecraft:bone_meal":3,"minecraft:oak_sapling":24,"minecraft:coal":129},"minecraft:dropped":{"minecraft:iron_sword":1,"minecraft:wheat_seeds":6,"minecraft:crafting_table":1,"minecraft:feather":1,"minecraft:cobblestone":14,"minecraft:diorite":20,"minecraft:torch":6,"minecraft:cornflower":1,"minecraft:sand":2,"minecraft:wheat":3,"minecraft:oak_planks":7,"minecraft:poppy":2,"minecraft:wooden_pickaxe":2},"minecraft:killed":{"minecraft:spider":1,"minecraft:chicken":2,"minecraft:pig":2,"minecraft:zombie_villager":1,"minecraft:salmon":5,"minecraft:iron_golem":12,"minecraft:sheep":13,"minecraft:zombie":8,"minecraft:cow":6},"minecraft:custom":{"minecraft:mob_kills":53,"minecraft:animals_bred":18,"minecraft:interact_with_crafting_table":32,"minecraft:bell_ring":126,"minecraft:leave_game":5,"minecraft:time_since_death":128605,"minecraft:sprint_one_cm":345859,"minecraft:walk_one_cm":387426,"minecraft:damage_blocked_by_shield":564,"minecraft:drop":28,"minecraft:talked_to_villager":4,"minecraft:play_time":183420,"minecraft:deaths":2,"minecraft:sneak_time":9298,"minecraft:walk_under_water_one_cm":5770,"minecraft:jump":2784,"minecraft:walk_on_water_one_cm":7214,"minecraft:total_world_time":183420,"minecraft:interact_with_furnace":25,"minecraft:sleep_in_bed":8,"minecraft:time_since_rest":16653,"minecraft:damage_taken":1844,"minecraft:damage_dealt":14775,"minecraft:swim_one_cm":6523,"minecraft:fly_one_cm":1205817,"minecraft:open_chest":7,"minecraft:crouch_one_cm":14239,"minecraft:fall_one_cm":72238},"minecraft:mined":{"minecraft:white_bed":9,"minecraft:oak_sapling":3,"minecraft:mossy_cobblestone":4,"minecraft:brewing_stand":1,"minecraft:glow_lichen":2,"minecraft:grass_block":93,"minecraft:oxeye_daisy":1,"minecraft:hay_block":25,"minecraft:furnace":4,"minecraft:bell":6,"minecraft:oak_stairs":9,"minecraft:stone":104,"minecraft:oak_slab":6,"minecraft:glass_pane":5,"minecraft:dandelion":2,"minecraft:crafting_table":2,"minecraft:short_grass":260,"minecraft:tall_grass":85,"minecraft:copper_ore":9,"minecraft:cobblestone":62,"minecraft:sugar_cane":68,"minecraft:oak_planks":38,"minecraft:diorite":20,"minecraft:wall_torch":7,"minecraft:wheat":61,"minecraft:yellow_bed":4,"minecraft:oak_log":122,"minecraft:coal_ore":55,"minecraft:sand":50,"minecraft:dirt":42,"minecraft:oak_leaves":19,"minecraft:fern":2},"minecraft:killed_by":{"minecraft:creeper":1,"minecraft:zombie":1},"minecraft:crafted":{"minecraft:oak_planks":320,"minecraft:furnace":2,"minecraft:cooked_mutton":18,"minecraft:iron_boots":1,"minecraft:iron_axe":1,"minecraft:stone_pickaxe":3,"minecraft:chest":2,"minecraft:stone_hoe":1,"minecraft:smoker":1,"minecraft:wheat":36,"minecraft:cooked_beef":5,"minecraft:oak_slab":54,"minecraft:crafting_table":2,"minecraft:wooden_pickaxe":2,"minecraft:iron_helmet":1,"minecraft:iron_sword":1,"minecraft:bucket":1,"minecraft:stone_axe":1,"minecraft:air":0,"minecraft:cartography_table":1,"minecraft:iron_chestplate":1,"minecraft:paper":21,"minecraft:shield":1,"minecraft:stick":24,"minecraft:iron_pickaxe":1,"minecraft:oak_stairs":4,"minecraft:stone_sword":1,"minecraft:iron_shovel":2,"minecraft:iron_leggings":1,"minecraft:white_bed":2,"minecraft:torch":16},"minecraft:broken":{"minecraft:stone_sword":1,"minecraft:stone_hoe":1,"minecraft:stone_pickaxe":2}},"DataVersion":3953}