{"stats":{"minecraft:used":{"minecraft:oak_fence":58,"minecraft:stone_sword":148,"minecraft:iron_shovel":555,"minecraft:poppy":4,"minecraft:chest":2,"minecraft:shield":25,"minecraft:stone":35,"minecraft:iron_sword":197,"minecraft:bell":6,"minecraft:stone_hoe":140,"minecraft:torch":49,"minecraft:brewing_stand":1,"minecraft:dirt":522,"minecraft:white_carpet":7,"minecraft:carrot":49,"minecraft:iron_hoe":179,"minecraft:iron_axe":194,"minecraft:oak_stairs":2,"minecraft:beef":2,"minecraft:oak_sapling":26,"minecraft:furnace":9,"minecraft:egg":4,"minecraft:potato":30,"minecraft:cooked_beef":8,"minecraft:iron_leggings":1,"minecraft:wheat_seeds":187,"minecraft:cooked_mutton":23,"minecraft:water_bucket":11,"minecraft:cobblestone_stairs":2,"minecraft:stone_pickaxe":272,"minecraft:oak_planks":196,"minecraft:cartography_table":1,"minecraft:wooden_pickaxe":7,"minecraft:sugar_cane":100,"minecraft:oak_leaves":2,"minecraft:mossy_cobblestone":3,"minecraft:sand":19,"minecraft:oak_slab":60,"minecraft:crafting_table":3,"minecraft:white_bed":11,"minecraft:smoker":1,"minecraft:oak_log":18,"minecraft:oxeye_daisy":1,"minecraft:command_block":3,"minecraft:iron_pickaxe":243,"minecraft:map":1,"minecraft:barrier":7,"minecraft:stone_axe":103,"minecraft:cobblestone":90,"minecraft:bucket":11,"minecraft:yellow_bed":4,"minecraft:dandelion":1},"minecraft:picked_up":{"minecraft:crafting_table":4,"minecraft:wheat":89,"minecraft:azure_bluet":1,"minecraft:chicken":2,"minecraft:lead":5,"minecraft:wooden_pickaxe":2,"minecraft:oak_stairs":17,"minecraft:brewing_stand":2,"minecraft:cornflower":4,"minecraft:string":2,"minecraft:raw_copper":36,"minecraft:white_carpet":1,"minecraft:beef":19,"minecraft:poppy":15,"minecraft:sugar_cane":289,"minecraft:furnace":8,"minecraft:egg":4,"minecraft:stick":23,"minecraft:oak_door":2,"minecraft:oak_fence":22,"minecraft:torch":25,"minecraft:porkchop":10,"minecraft:diorite":20,"minecraft:carrot":59,"minecraft:stone_sword":2,"minecraft:rotten_flesh":17,"minecraft:hay_block":37,"minecraft:mutton":41,"minecraft:cobblestone":414,"minecraft:white_wool":29,"minecraft:oxeye_daisy":4,"minecraft:feather":1,"minecraft:cooked_beef":1,"minecraft:salmon":12,"minecraft:leather":19,"minecraft:potato":30,"minecraft:flint":1,"minecraft:oak_log":128,"minecraft:yellow_bed":4,"minecraft:cobblestone_stairs":1,"minecraft:dirt":705,"minecraft:cooked_mutton":4,"minecraft:apple":1,"minecraft:wheat_seeds":262,"minecraft:bell":6,"minecraft:stone_pickaxe":1,"minecraft:iron_ingot":67,"minecraft:iron_sword":1,"minecraft:oak_planks":170,"minecraft:oak_slab":6,"minecraft:dandelion":17,"minecraft:gravel":2,"minecraft:sand":49,"minecraft:white_bed":9,"minecraft:spider_eye":1,"minecraft:mossy_cobblestone":4,"minecraft:stone_axe":2,"minecraft:bone_meal":3,"minecraft:oak_sapling":24,"minecraft:oak_leaves":2,"minecraft:coal":135},"minecraft:dropped":{"minecraft:iron_sword":1,"minecraft:wheat_seeds":7,"minecraft:crafting_table":1,"minecraft:oak_fence":3,"minecraft:feather":1,"minecraft:cobblestone":14,"minecraft:diorite":20,"minecraft:torch":6,"minecraft:cornflower":1,"minecraft:oak_stairs":1,"minecraft:sand":2,"minecraft:dandelion":5,"minecraft:sugar_cane":1,"minecraft:wheat":3,"minecraft:oak_planks":7,"minecraft:azure_bluet":1,"minecraft:carrot":46,"minecraft:filled_map":1,"minecraft:poppy":10,"minecraft:potato":30,"minecraft:wooden_pickaxe":2},"minecraft:killed":{"minecraft:spider":1,"minecraft:horse":2,"minecraft:chicken":2,"minecraft:pig":2,"minecraft:zombie_villager":1,"minecraft:salmon":5,"minecraft:iron_golem":16,"minecraft:sheep":16,"minecraft:trader_llama":2,"minecraft:zombie":13,"minecraft:cow":9},"minecraft:custom":{"minecraft:mob_kills":72,"minecraft:animals_bred":40,"minecraft:interact_with_crafting_table":40,"minecraft:bell_ring":126,"minecraft:leave_game":8,"minecraft:time_since_death":201588,"minecraft:sprint_one_cm":476016,"minecraft:walk_one_cm":601080,"minecraft:damage_blocked_by_shield":564,"minecraft:drop":41,"minecraft:talked_to_villager":9,"minecraft:play_time":256403,"minecraft:deaths":2,"minecraft:sneak_time":13272,"minecraft:walk_under_water_one_cm":7241,"minecraft:jump":3664,"minecraft:walk_on_water_one_cm":13218,"minecraft:total_world_time":256403,"minecraft:interact_with_furnace":59,"minecraft:traded_with_villager":11,"minecraft:sleep_in_bed":9,"minecraft:time_since_rest":52073,"minecraft:damage_taken":2243,"minecraft:damage_dealt":20737,"minecraft:swim_one_cm":8819,"minecraft:fly_one_cm":1703551,"minecraft:open_chest":17,"minecraft:crouch_one_cm":24257,"minecraft:fall_one_cm":97319},"minecraft:mined":{"minecraft:white_bed":9,"minecraft:oak_sapling":3,"minecraft:farmland":1,"minecraft:mossy_cobblestone":4,"minecraft:oak_door":2,"minecraft:cobblestone_stairs":2,"minecraft:brewing_stand":1,"minecraft:glow_lichen":2,"minecraft:grass_block":281,"minecraft:oxeye_daisy":5,"minecraft:hay_block":25,"minecraft:tall_seagrass":1,"minecraft:carrots":4,"minecraft:furnace":8,"minecraft:azure_bluet":1,"minecraft:bell":6,"minecraft:oak_stairs":11,"minecraft:stone":335,"minecraft:oak_slab":6,"minecraft:glass_pane":7,"minecraft:dandelion":24,"minecraft:oak_fence":22,"minecraft:crafting_table":3,"minecraft:cornflower":5,"minecraft:short_grass":393,"minecraft:poppy":1,"minecraft:tall_grass":143,"minecraft:copper_ore":9,"minecraft:cobblestone":62,"minecraft:sugar_cane":155,"minecraft:oak_planks":104,"minecraft:diorite":20,"minecraft:wall_torch":7,"minecraft:wheat":61,"minecraft:white_carpet":1,"minecraft:yellow_bed":5,"minecraft:oak_log":128,"minecraft:coal_ore":61,"minecraft:gravel":5,"minecraft:sand":50,"minecraft:dirt":201,"minecraft:oak_leaves":20,"minecraft:fern":2},"minecraft:killed_by":{"minecraft:creeper":1,"minecraft:zombie":1},"minecraft:crafted":{"minecraft:oak_planks":320,"minecraft:furnace":2,"minecraft:stone":31,"minecraft:cooked_mutton":21,"minecraft:glass_pane":64,"minecraft:glass":28,"minecraft:iron_boots":1,"minecraft:iron_axe":2,"minecraft:iron_hoe":1,"minecraft:stone_pickaxe":3,"minecraft:chest":2,"minecraft:stone_hoe":1,"minecraft:oak_fence":39,"minecraft:smoker":1,"minecraft:wheat":36,"minecraft:cooked_beef":9,"minecraft:oak_slab":54,"minecraft:emerald":10,"minecraft:map":1,"minecraft:crafting_table":2,"minecraft:iron_helmet":1,"minecraft:wooden_pickaxe":2,"minecraft:iron_sword":1,"minecraft:bucket":1,"minecraft:stone_axe":1,"minecraft:air":0,"minecraft:cartography_table":1,"minecraft:iron_chestplate":1,"minecraft:paper":141,"minecraft:shield":1,"minecraft:stick":48,"minecraft:iron_pickaxe":3,"minecraft:oak_stairs":4,"minecraft:stone_sword":1,"minecraft:iron_shovel":2,"minecraft:iron_leggings":1,"minecraft:white_bed":2,"minecraft:torch":44},"minecraft:broken":{"minecraft:iron_shovel":2,"minecraft:stone_sword":1,"minecraft:stone_hoe":1,"minecraft:stone_pickaxe":2}},"DataVersion":3953}