{"stats":{"minecraft:used":{"minecraft:stone_sword":148,"minecraft:stone_shovel":294,"minecraft:chest":13,"minecraft:stone":194,"minecraft:wooden_shovel":59,"minecraft:oak_door":2,"minecraft:torch":20,"minecraft:dirt":68,"minecraft:mutton":2,"minecraft:wooden_axe":113,"minecraft:beef":4,"minecraft:furnace":17,"minecraft:egg":9,"minecraft:cooked_beef":7,"minecraft:wheat_seeds":165,"minecraft:cooked_mutton":12,"minecraft:water_bucket":14,"minecraft:cobblestone_stairs":1,"minecraft:stone_pickaxe":1092,"minecraft:oak_planks":78,"minecraft:wooden_pickaxe":96,"minecraft:sugar_cane":10,"minecraft:oak_leaves":74,"minecraft:oak_slab":26,"minecraft:crafting_table":4,"minecraft:white_bed":5,"minecraft:dripstone_block":7,"minecraft:shears":268,"minecraft:oak_log":3,"minecraft:wooden_hoe":58,"minecraft:apple":4,"minecraft:bread":12,"minecraft:iron_pickaxe":250,"minecraft:cobblestone":101,"minecraft:bucket":16,"minecraft:glass_pane":62,"minecraft:yellow_bed":1},"minecraft:picked_up":{"minecraft:wooden_axe":2,"minecraft:crafting_table":3,"minecraft:wheat":140,"minecraft:chicken":4,"minecraft:wooden_pickaxe":5,"minecraft:oak_stairs":12,"minecraft:beetroot":12,"minecraft:beef":22,"minecraft:wooden_shovel":1,"minecraft:poppy":7,"minecraft:light_gray_wool":5,"minecraft:sugar_cane":73,"minecraft:chest":53,"minecraft:furnace":36,"minecraft:egg":21,"minecraft:stick":105,"minecraft:raw_iron":19,"minecraft:stone":120,"minecraft:oak_door":2,"minecraft:oak_fence":4,"minecraft:torch":453,"minecraft:carrot":138,"minecraft:stone_sword":1,"minecraft:rotten_flesh":3,"minecraft:stone_shovel":5,"minecraft:beetroot_seeds":24,"minecraft:shears":6,"minecraft:mutton":28,"minecraft:white_wool":23,"minecraft:cobblestone":2814,"minecraft:feather":7,"minecraft:cooked_beef":3,"minecraft:magenta_banner":5,"minecraft:water_bucket":12,"minecraft:salmon":10,"minecraft:leather":16,"minecraft:potato":30,"minecraft:oak_log":90,"minecraft:yellow_bed":1,"minecraft:cobblestone_stairs":2,"minecraft:dirt":485,"minecraft:glass":5,"minecraft:bone":8,"minecraft:apple":7,"minecraft:wheat_seeds":304,"minecraft:stone_pickaxe":9,"minecraft:oak_planks":110,"minecraft:oak_slab":56,"minecraft:oak_pressure_plate":4,"minecraft:poisonous_potato":1,"minecraft:dripstone_block":59,"minecraft:gravel":1,"minecraft:sand":57,"minecraft:white_bed":5,"minecraft:mossy_cobblestone":1,"minecraft:short_grass":2,"minecraft:bread":119,"minecraft:oak_sapling":23,"minecraft:coal":93,"minecraft:oak_leaves":261},"minecraft:dropped":{"minecraft:oak_slab":18,"minecraft:short_grass":2,"minecraft:wheat_seeds":6,"minecraft:oak_pressure_plate":1,"minecraft:crafting_table":1,"minecraft:oak_fence":1,"minecraft:cobblestone":60,"minecraft:leather":4,"minecraft:dirt":226,"minecraft:torch":76,"minecraft:wooden_axe":1,"minecraft:oak_stairs":2,"minecraft:sand":2,"minecraft:white_wool":5,"minecraft:bone":2,"minecraft:oak_door":1,"minecraft:sugar_cane":63,"minecraft:wheat":46,"minecraft:stone_shovel":2,"minecraft:beetroot":4,"minecraft:chicken":1,"minecraft:light_gray_wool":2,"minecraft:oak_planks":64,"minecraft:carrot":46,"minecraft:stone":2,"minecraft:beetroot_seeds":8,"minecraft:wooden_pickaxe":3,"minecraft:beef":11,"minecraft:stone_pickaxe":2,"minecraft:egg":3},"minecraft:killed":{"minecraft:chicken":1,"minecraft:salmon":4,"minecraft:sheep":9,"minecraft:zombie":2,"minecraft:cow":2},"minecraft:custom":{"minecraft:mob_kills":18,"minecraft:interact_with_crafting_table":58,"minecraft:bell_ring":1,"minecraft:leave_game":6,"minecraft:time_since_death":10134,"minecraft:sprint_one_cm":704849,"minecraft:walk_one_cm":1181612,"minecraft:drop":46,"minecraft:play_time":396267,"minecraft:deaths":7,"minecraft:sneak_time":4938,"minecraft:walk_under_water_one_cm":7385,"minecraft:jump":4088,"minecraft:walk_on_water_one_cm":21602,"minecraft:total_world_time":396267,"minecraft:interact_with_furnace":54,"minecraft:sleep_in_bed":12,"minecraft:time_since_rest":9005,"minecraft:damage_taken":7628,"minecraft:damage_dealt":2629,"minecraft:swim_one_cm":8556,"minecraft:fly_one_cm":638354,"minecraft:open_chest":72,"minecraft:crouch_one_cm":9651,"minecraft:fall_one_cm":150476},"minecraft:mined":{"minecraft:white_bed":4,"minecraft:farmland":1,"minecraft:mossy_cobblestone":1,"minecraft:cobblestone_stairs":1,"minecraft:grass_block":197,"minecraft:oak_pressure_plate":1,"minecraft:furnace":6,"minecraft:carrots":12,"minecraft:iron_ore":14,"minecraft:potatoes":7,"minecraft:oak_stairs":8,"minecraft:stone":1233,"minecraft:oak_slab":18,"minecraft:glass_pane":61,"minecraft:oak_fence":1,"minecraft:crafting_table":2,"minecraft:cornflower":1,"minecraft:torch":1,"minecraft:short_grass":58,"minecraft:chest":4,"minecraft:tall_grass":8,"minecraft:cobblestone":14,"minecraft:sugar_cane":31,"minecraft:oak_planks":14,"minecraft:wall_torch":5,"minecraft:wheat":97,"minecraft:yellow_bed":1,"minecraft:oak_log":90,"minecraft:coal_ore":48,"minecraft:beetroots":4,"minecraft:dripstone_block":24,"minecraft:gravel":1,"minecraft:sand":55,"minecraft:dirt":161,"minecraft:oak_leaves":326},"minecraft:killed_by":{"minecraft:player":1,"minecraft:skeleton":1,"minecraft:zombie":1},"minecraft:crafted":{"minecraft:oak_door":2,"minecraft:oak_planks":348,"minecraft:stone_shovel":5,"minecraft:furnace":16,"minecraft:stone":163,"minecraft:cooked_mutton":12,"minecraft:glass_pane":64,"minecraft:glass":42,"minecraft:stone_pickaxe":9,"minecraft:chest":17,"minecraft:cooked_beef":7,"minecraft:oak_slab":24,"minecraft:wooden_shovel":1,"minecraft:crafting_table":2,"minecraft:wooden_pickaxe":1,"minecraft:cooked_salmon":5,"minecraft:bucket":2,"minecraft:bread":31,"minecraft:wooden_hoe":1,"minecraft:stick":68,"minecraft:iron_ingot":13,"minecraft:iron_pickaxe":1,"minecraft:wooden_axe":2,"minecraft:stone_sword":1,"minecraft:white_bed":1,"minecraft:torch":76,"minecraft:shears":2},"minecraft:broken":{"minecraft:wooden_shovel":1,"minecraft:stone_sword":1,"minecraft:wooden_pickaxe":2,"minecraft:stone_pickaxe":6,"minecraft:iron_pickaxe":1,"minecraft:wooden_axe":1,"minecraft:stone_shovel":1}},"DataVersion":3953}