{"stats":{"minecraft:used":{"minecraft:wheat_seeds":122,"minecraft:stone_sword":148,"minecraft:stone_shovel":93,"minecraft:stone_pickaxe":825,"minecraft:oak_planks":78,"minecraft:chest":2,"minecraft:wooden_pickaxe":22,"minecraft:stone":126,"minecraft:wooden_shovel":59,"minecraft:oak_door":2,"minecraft:torch":12,"minecraft:dirt":65,"minecraft:mutton":2,"minecraft:oak_slab":14,"minecraft:crafting_table":2,"minecraft:white_bed":2,"minecraft:dripstone_block":1,"minecraft:oak_log":3,"minecraft:wooden_hoe":58,"minecraft:wooden_axe":48,"minecraft:apple":4,"minecraft:iron_pickaxe":250,"minecraft:cobblestone":1,"minecraft:beef":4,"minecraft:furnace":3,"minecraft:glass_pane":62,"minecraft:yellow_bed":1,"minecraft:egg":4,"minecraft:cooked_beef":7},"minecraft:picked_up":{"minecraft:wooden_axe":2,"minecraft:crafting_table":1,"minecraft:wheat":46,"minecraft:feather":5,"minecraft:cooked_beef":3,"minecraft:chicken":2,"minecraft:salmon":10,"minecraft:leather":8,"minecraft:wooden_pickaxe":4,"minecraft:potato":30,"minecraft:oak_stairs":2,"minecraft:oak_log":40,"minecraft:yellow_bed":1,"minecraft:dirt":164,"minecraft:bone":4,"minecraft:beetroot":4,"minecraft:apple":6,"minecraft:wheat_seeds":145,"minecraft:beef":22,"minecraft:stone_pickaxe":3,"minecraft:wooden_shovel":1,"minecraft:poppy":1,"minecraft:light_gray_wool":2,"minecraft:chest":2,"minecraft:oak_planks":105,"minecraft:furnace":1,"minecraft:egg":9,"minecraft:oak_slab":20,"minecraft:stick":5,"minecraft:raw_iron":19,"minecraft:stone":35,"minecraft:oak_fence":2,"minecraft:torch":13,"minecraft:oak_pressure_plate":2,"minecraft:poisonous_potato":1,"minecraft:dripstone_block":11,"minecraft:gravel":1,"minecraft:sand":57,"minecraft:white_bed":1,"minecraft:carrot":46,"minecraft:stone_sword":1,"minecraft:stone_shovel":2,"minecraft:rotten_flesh":2,"minecraft:beetroot_seeds":8,"minecraft:oak_sapling":9,"minecraft:mutton":28,"minecraft:coal":86,"minecraft:white_wool":13,"minecraft:cobblestone":1067},"minecraft:dropped":{"minecraft:stone_shovel":2,"minecraft:oak_planks":64,"minecraft:stone":2,"minecraft:wooden_axe":1,"minecraft:stone_pickaxe":2,"minecraft:sand":2,"minecraft:wooden_pickaxe":2,"minecraft:beef":11,"minecraft:egg":1},"minecraft:killed":{"minecraft:salmon":4,"minecraft:sheep":9,"minecraft:zombie":1,"minecraft:chicken":1,"minecraft:cow":2},"minecraft:custom":{"minecraft:interact_with_furnace":27,"minecraft:mob_kills":17,"minecraft:interact_with_crafting_table":36,"minecraft:bell_ring":1,"minecraft:leave_game":3,"minecraft:time_since_death":143859,"minecraft:sleep_in_bed":3,"minecraft:time_since_rest":75392,"minecraft:sprint_one_cm":293444,"minecraft:damage_taken":845,"minecraft:walk_one_cm":659248,"minecraft:drop":13,"minecraft:damage_dealt":2439,"minecraft:swim_one_cm":8556,"minecraft:fly_one_cm":227408,"minecraft:open_chest":37,"minecraft:play_time":198263,"minecraft:crouch_one_cm":9122,"minecraft:sneak_time":4686,"minecraft:deaths":1,"minecraft:walk_under_water_one_cm":5259,"minecraft:jump":1714,"minecraft:walk_on_water_one_cm":8233,"minecraft:total_world_time":198263,"minecraft:fall_one_cm":31892},"minecraft:mined":{"minecraft:oak_slab":18,"minecraft:farmland":1,"minecraft:white_bed":1,"minecraft:glass_pane":6,"minecraft:oak_fence":1,"minecraft:crafting_table":1,"minecraft:cornflower":1,"minecraft:torch":1,"minecraft:short_grass":44,"minecraft:grass_block":46,"minecraft:chest":1,"minecraft:oak_pressure_plate":1,"minecraft:tall_grass":7,"minecraft:oak_planks":13,"minecraft:wall_torch":2,"minecraft:carrots":12,"minecraft:furnace":1,"minecraft:iron_ore":14,"minecraft:wheat":53,"minecraft:yellow_bed":1,"minecraft:gravel":1,"minecraft:dripstone_block":11,"minecraft:potatoes":7,"minecraft:oak_log":40,"minecraft:coal_ore":46,"minecraft:beetroots":4,"minecraft:oak_stairs":1,"minecraft:sand":55,"minecraft:dirt":113,"minecraft:stone":1002,"minecraft:oak_leaves":46},"minecraft:killed_by":{"minecraft:zombie":1},"minecraft:crafted":{"minecraft:cooked_beef":7,"minecraft:oak_door":2,"minecraft:oak_slab":12,"minecraft:oak_planks":148,"minecraft:wooden_shovel":1,"minecraft:stone_shovel":1,"minecraft:crafting_table":1,"minecraft:wooden_pickaxe":1,"minecraft:furnace":2,"minecraft:stone":129,"minecraft:glass_pane":64,"minecraft:glass":42,"minecraft:wooden_hoe":1,"minecraft:stick":64,"minecraft:iron_ingot":5,"minecraft:iron_pickaxe":1,"minecraft:stone_pickaxe":7,"minecraft:wooden_axe":1,"minecraft:stone_sword":1,"minecraft:chest":1,"minecraft:white_bed":1,"minecraft:torch":76,"minecraft:shears":1},"minecraft:broken":{"minecraft:stone_pickaxe":5,"minecraft:wooden_shovel":1,"minecraft:stone_sword":1,"minecraft:iron_pickaxe":1}},"DataVersion":3953}