{"stats":{"minecraft:used":{"minecraft:tuff_bricks":1,"minecraft:stone_sword":148,"minecraft:stone_shovel":301,"minecraft:shield":3,"minecraft:chest":13,"minecraft:stone":194,"minecraft:iron_sword":58,"minecraft:wooden_shovel":59,"minecraft:trial_key":1,"minecraft:oak_door":2,"minecraft:torch":20,"minecraft:dirt":68,"minecraft:mutton":2,"minecraft:wooden_axe":113,"minecraft:bow":11,"minecraft:beef":4,"minecraft:furnace":17,"minecraft:egg":9,"minecraft:cooked_beef":7,"minecraft:wheat_seeds":218,"minecraft:cooked_mutton":12,"minecraft:water_bucket":22,"minecraft:cobblestone_stairs":1,"minecraft:stone_pickaxe":1149,"minecraft:oak_planks":78,"minecraft:wooden_pickaxe":96,"minecraft:sugar_cane":10,"minecraft:oak_leaves":74,"minecraft:oak_slab":26,"minecraft:crafting_table":4,"minecraft:white_bed":5,"minecraft:dripstone_block":7,"minecraft:shears":268,"minecraft:oak_log":3,"minecraft:wooden_hoe":58,"minecraft:apple":4,"minecraft:bread":25,"minecraft:iron_pickaxe":250,"minecraft:cobblestone":130,"minecraft:bucket":24,"minecraft:glass_pane":62,"minecraft:yellow_bed":1},"minecraft:picked_up":{"minecraft:wooden_axe":2,"minecraft:iron_chestplate":4,"minecraft:crafting_table":7,"minecraft:wheat":193,"minecraft:chicken":4,"minecraft:flower_pot":1,"minecraft:wooden_pickaxe":5,"minecraft:oak_stairs":12,"minecraft:potion":6,"minecraft:shield":6,"minecraft:brick":91,"minecraft:iron_axe":1,"minecraft:iron_leggings":3,"minecraft:beetroot":12,"minecraft:beef":22,"minecraft:trial_key":6,"minecraft:wooden_shovel":1,"minecraft:poppy":7,"minecraft:light_gray_wool":5,"minecraft:sugar_cane":73,"minecraft:chest":59,"minecraft:iron_boots":4,"minecraft:furnace":36,"minecraft:egg":25,"minecraft:tipped_arrow":5,"minecraft:stick":142,"minecraft:raw_iron":27,"minecraft:stone":120,"minecraft:oak_door":2,"minecraft:oak_fence":4,"minecraft:torch":633,"minecraft:fire_charge":14,"minecraft:flow_pottery_sherd":3,"minecraft:waxed_weathered_copper_bulb":2,"minecraft:carrot":138,"minecraft:music_disc_creator_music_box":2,"minecraft:decorated_pot":2,"minecraft:stone_sword":1,"minecraft:arrow":15,"minecraft:rotten_flesh":3,"minecraft:stone_shovel":8,"minecraft:beetroot_seeds":24,"minecraft:shears":9,"minecraft:tuff_bricks":6,"minecraft:mutton":28,"minecraft:white_wool":23,"minecraft:cobblestone":3277,"minecraft:feather":7,"minecraft:cooked_beef":3,"minecraft:andesite":4,"minecraft:magenta_banner":5,"minecraft:water_bucket":18,"minecraft:salmon":10,"minecraft:leather":16,"minecraft:potato":30,"minecraft:oak_log":90,"minecraft:waxed_copper_block":2,"minecraft:yellow_bed":1,"minecraft:cobblestone_stairs":2,"minecraft:dirt":506,"minecraft:glass":5,"minecraft:bone":28,"minecraft:apple":7,"minecraft:bow":3,"minecraft:wheat_seeds":450,"minecraft:stone_pickaxe":13,"minecraft:iron_sword":3,"minecraft:oak_planks":110,"minecraft:oak_slab":56,"minecraft:oak_pressure_plate":4,"minecraft:poisonous_potato":1,"minecraft:dripstone_block":59,"minecraft:gravel":1,"minecraft:sand":57,"minecraft:white_bed":5,"minecraft:mossy_cobblestone":1,"minecraft:stone_axe":3,"minecraft:short_grass":2,"minecraft:waxed_oxidized_copper_grate":2,"minecraft:iron_helmet":3,"minecraft:crossbow":1,"minecraft:granite":24,"minecraft:emerald":19,"minecraft:bread":210,"minecraft:oak_sapling":23,"minecraft:coal":97,"minecraft:oak_leaves":261},"minecraft:dropped":{"minecraft:iron_sword":1,"minecraft:oak_slab":18,"minecraft:short_grass":2,"minecraft:wheat_seeds":6,"minecraft:oak_pressure_plate":1,"minecraft:crafting_table":1,"minecraft:oak_fence":1,"minecraft:cobblestone":60,"minecraft:leather":4,"minecraft:music_disc_creator_music_box":1,"minecraft:dirt":226,"minecraft:torch":76,"minecraft:wooden_axe":1,"minecraft:potion":1,"minecraft:oak_stairs":2,"minecraft:sand":2,"minecraft:white_wool":5,"minecraft:bone":10,"minecraft:oak_door":1,"minecraft:tuff_bricks":1,"minecraft:sugar_cane":63,"minecraft:wheat":46,"minecraft:stone_shovel":2,"minecraft:beetroot":4,"minecraft:chicken":1,"minecraft:light_gray_wool":2,"minecraft:oak_planks":64,"minecraft:carrot":46,"minecraft:stone":2,"minecraft:shield":3,"minecraft:flower_pot":1,"minecraft:beetroot_seeds":8,"minecraft:wooden_pickaxe":3,"minecraft:beef":11,"minecraft:stone_pickaxe":3,"minecraft:egg":4},"minecraft:killed":{"minecraft:bogged":1,"minecraft:slime":17,"minecraft:chicken":1,"minecraft:salmon":4,"minecraft:sheep":9,"minecraft:zombie":2,"minecraft:cow":2},"minecraft:custom":{"minecraft:mob_kills":38,"minecraft:interact_with_crafting_table":62,"minecraft:open_barrel":2,"minecraft:bell_ring":1,"minecraft:leave_game":6,"minecraft:time_since_death":11218,"minecraft:climb_one_cm":5038,"minecraft:sprint_one_cm":762912,"minecraft:walk_one_cm":1348707,"minecraft:damage_blocked_by_shield":120,"minecraft:drop":58,"minecraft:play_time":444267,"minecraft:deaths":10,"minecraft:sneak_time":9586,"minecraft:walk_under_water_one_cm":12369,"minecraft:jump":4361,"minecraft:walk_on_water_one_cm":27940,"minecraft:total_world_time":444267,"minecraft:interact_with_furnace":55,"minecraft:sleep_in_bed":13,"minecraft:time_since_rest":11246,"minecraft:damage_taken":9012,"minecraft:damage_dealt":3361,"minecraft:swim_one_cm":8556,"minecraft:fly_one_cm":683559,"minecraft:open_chest":100,"minecraft:crouch_one_cm":17763,"minecraft:fall_one_cm":161844,"minecraft:inspect_dispenser":1},"minecraft:mined":{"minecraft:white_bed":4,"minecraft:farmland":1,"minecraft:mossy_cobblestone":1,"minecraft:cobblestone_stairs":1,"minecraft:granite":8,"minecraft:grass_block":198,"minecraft:decorated_pot":9,"minecraft:oak_pressure_plate":1,"minecraft:furnace":6,"minecraft:carrots":12,"minecraft:iron_ore":16,"minecraft:andesite":1,"minecraft:potatoes":7,"minecraft:oak_stairs":8,"minecraft:stone":1274,"minecraft:oak_slab":18,"minecraft:glass_pane":61,"minecraft:oak_fence":1,"minecraft:crafting_table":3,"minecraft:cornflower":1,"minecraft:torch":1,"minecraft:short_grass":59,"minecraft:chest":4,"minecraft:tall_grass":8,"minecraft:cobblestone":14,"minecraft:sugar_cane":31,"minecraft:oak_planks":14,"minecraft:wall_torch":5,"minecraft:waxed_oxidized_copper_grate":2,"minecraft:wheat":150,"minecraft:yellow_bed":1,"minecraft:oak_log":90,"minecraft:coal_ore":49,"minecraft:beetroots":4,"minecraft:flower_pot":1,"minecraft:dripstone_block":24,"minecraft:gravel":1,"minecraft:sand":55,"minecraft:dirt":167,"minecraft:oak_leaves":326},"minecraft:killed_by":{"minecraft:player":1,"minecraft:bogged":2,"minecraft:skeleton":1,"minecraft:zombie":1,"minecraft:breeze":1},"minecraft:crafted":{"minecraft:oak_door":2,"minecraft:oak_planks":348,"minecraft:stone_shovel":6,"minecraft:furnace":16,"minecraft:stone":163,"minecraft:cooked_mutton":12,"minecraft:glass_pane":64,"minecraft:glass":42,"minecraft:stone_pickaxe":10,"minecraft:chest":17,"minecraft:cooked_beef":7,"minecraft:oak_slab":24,"minecraft:wooden_shovel":1,"minecraft:crafting_table":2,"minecraft:wooden_pickaxe":1,"minecraft:cooked_salmon":5,"minecraft:bucket":2,"minecraft:stone_axe":1,"minecraft:bread":48,"minecraft:wooden_hoe":1,"minecraft:stick":68,"minecraft:iron_ingot":13,"minecraft:iron_pickaxe":1,"minecraft:wooden_axe":2,"minecraft:stone_sword":1,"minecraft:white_bed":1,"minecraft:torch":76,"minecraft:shears":2},"minecraft:broken":{"minecraft:wooden_shovel":1,"minecraft:stone_sword":1,"minecraft:wooden_pickaxe":2,"minecraft:stone_pickaxe":6,"minecraft:iron_pickaxe":1,"minecraft:wooden_axe":1,"minecraft:stone_shovel":1}},"DataVersion":3953}