{"stats":{"minecraft:crafted":{"minecraft:oak_planks":28},"minecraft:picked_up":{"minecraft:oak_log":7,"minecraft:wheat_seeds":2,"minecraft:dirt":1},"minecraft:custom":{"minecraft:jump":301,"minecraft:deaths":1,"minecraft:time_since_rest":416,"minecraft:crouch_one_cm":1227,"minecraft:sprint_one_cm":26397,"minecraft:play_time":8443,"minecraft:damage_taken":235,"minecraft:time_since_death":387,"minecraft:walk_one_cm":38505,"minecraft:sneak_time":308,"minecraft:total_world_time":8443,"minecraft:fall_one_cm":8994,"minecraft:fly_one_cm":39636,"minecraft:leave_game":1},"minecraft:mined":{"minecraft:grass_block":1,"minecraft:oak_log":7},"minecraft:used":{"minecraft:oak_planks":6,"minecraft:dirt":1},"minecraft:killed_by":{"minecraft:zombie":1}},"DataVersion":3953}