{"stats":{"minecraft:used":{"minecraft:wooden_axe":17,"minecraft:stone_pickaxe":22,"minecraft:bread":1,"minecraft:wooden_pickaxe":4,"minecraft:pink_petals":5,"minecraft:cobblestone":5,"minecraft:dirt":1,"minecraft:mutton":3,"minecraft:crafting_table":2,"minecraft:yellow_bed":1,"minecraft:white_bed":2,"minecraft:potato":4,"minecraft:granite":1,"minecraft:cherry_sapling":7},"minecraft:picked_up":{"minecraft:raw_iron":3,"minecraft:pink_petals":8,"minecraft:stick":6,"minecraft:crafting_table":2,"minecraft:potato":3,"minecraft:oak_log":7,"minecraft:cherry_log":10,"minecraft:yellow_bed":3,"minecraft:diorite":3,"minecraft:white_bed":2,"minecraft:dirt":1,"minecraft:granite":1,"minecraft:cherry_sapling":7,"minecraft:emerald":2,"minecraft:mutton":12,"minecraft:coal":8,"minecraft:white_wool":6,"minecraft:cobblestone":14},"minecraft:killed":{"minecraft:sheep":3},"minecraft:custom":{"minecraft:time_since_rest":1091,"minecraft:interact_with_furnace":1,"minecraft:sprint_one_cm":113072,"minecraft:damage_taken":1080,"minecraft:walk_one_cm":111313,"minecraft:mob_kills":3,"minecraft:damage_dealt":417,"minecraft:swim_one_cm":1366,"minecraft:interact_with_crafting_table":5,"minecraft:fly_one_cm":160520,"minecraft:open_chest":1,"minecraft:crouch_one_cm":843,"minecraft:play_time":41359,"minecraft:deaths":4,"minecraft:sneak_time":716,"minecraft:walk_under_water_one_cm":1094,"minecraft:jump":1025,"minecraft:sleep_in_bed":1,"minecraft:leave_game":4,"minecraft:time_since_death":971,"minecraft:walk_on_water_one_cm":10227,"minecraft:total_world_time":41359,"minecraft:fall_one_cm":29178},"minecraft:mined":{"minecraft:pink_petals":2,"minecraft:white_bed":2,"minecraft:iron_ore":3,"minecraft:cherry_log":10,"minecraft:yellow_bed":1,"minecraft:crafting_table":2,"minecraft:granite":1,"minecraft:short_grass":3,"minecraft:grass_block":1,"minecraft:oak_log":7,"minecraft:coal_ore":8,"minecraft:cherry_leaves":3,"minecraft:tall_grass":2,"minecraft:stone":11,"minecraft:diorite":3},"minecraft:killed_by":{"minecraft:skeleton":2,"minecraft:pillager":1},"minecraft:crafted":{"minecraft:cherry_planks":40,"minecraft:oak_planks":20,"minecraft:crafting_table":1,"minecraft:stick":4,"minecraft:wooden_pickaxe":1,"minecraft:stone_pickaxe":1,"minecraft:wooden_axe":1}},"DataVersion":3953}