{"stats":{"minecraft:picked_up":{"minecraft:crafting_table":2,"minecraft:stick":4,"minecraft:raw_iron":3,"minecraft:cherry_planks":40,"minecraft:wooden_pickaxe":1,"minecraft:oak_log":5,"minecraft:diorite":3,"minecraft:yellow_bed":1,"minecraft:cornflower":1,"minecraft:dirt":12,"minecraft:white_banner":1,"minecraft:wheat_seeds":1,"minecraft:oak_planks":15,"minecraft:coal":8,"minecraft:cobblestone":18},"minecraft:custom":{"minecraft:time_since_rest":9677,"minecraft:interact_with_furnace":1,"minecraft:sprint_one_cm":78070,"minecraft:damage_taken":886,"minecraft:walk_one_cm":107810,"minecraft:mob_kills":1,"minecraft:drop":1,"minecraft:damage_dealt":323,"minecraft:fly_one_cm":71791,"minecraft:open_chest":1,"minecraft:play_time":21069,"minecraft:deaths":3,"minecraft:walk_under_water_one_cm":1174,"minecraft:jump":507,"minecraft:leave_game":1,"minecraft:walk_on_water_one_cm":9329,"minecraft:time_since_death":9633,"minecraft:climb_one_cm":48,"minecraft:total_world_time":21069,"minecraft:fall_one_cm":15181},"minecraft:mined":{"minecraft:white_wall_banner":1,"minecraft:yellow_bed":1,"minecraft:short_grass":1,"minecraft:grass_block":6,"minecraft:oak_log":6,"minecraft:dirt":6,"minecraft:oak_leaves":1},"minecraft:killed":{"minecraft:pillager":1},"minecraft:used":{"minecraft:cornflower":1,"minecraft:wooden_pickaxe":23,"minecraft:dirt":3},"minecraft:dropped":{"minecraft:wheat_seeds":1},"minecraft:killed_by":{"minecraft:skeleton":1,"minecraft:pillager":2}},"DataVersion":3953}